archg101,Archie,George,R,R,ASD,OF
baked104,Baker,Dick,R,R,ASD,SS
bonuz101,Bonura,Zeke,R,R,ASD,1B
boylb101,Boyle,Buzz,L,L,ASD,OF
broou102,Brooks,,?,?,ASD,OF
cantb102,Cantwell,Ben,R,R,ASD,P
clydu101,Clyde,,?,?,ASD,C
corbc101,Corbitt,Claude,R,R,ASD,1B
deand102,Dean,Dizzy,R,R,ASD,P
duffj103,Duffy,James,B,R,ASD,P
gallj103,Gallagher,Joe,R,R,ASD,OF
grodj101,Grodzicki,Johnny,R,R,ASD,P
hornu102,Horn,,?,?,ASD,OF
johnr111,Johnson,Red,L,?,ASD,OF
joneu105,Jones,,?,?,ASD,3B
kollh101,Kollar,Harold,L,?,ASD,PH
martw101,Martini,Wedo,R,R,ASD,P
mcdoj101,McDonnell,Jim,L,R,ASD,C
morrd101,Morris,Doyt,R,R,ASD,2B
muelh101,Mueller,Heinie,B,R,ASD,2B
odomd101,Odom,Dave,R,R,ASD,P
pieca101,Piechota,Al,R,R,ASD,P
silvk101,Silvestri,Ken,B,R,ASD,C
travc101,Travis,Cecil,L,R,ASD,3B
zydoe101,Zydowsky,Eddie,R,R,ASD,C
