altrn101,Altrock,Nick,B,L,ASG,1B
fitzf101,Fitzsimmons,Freddie,R,R,ASG,P
gehrc101,Gehringer,Charlie,L,R,ASG,2B
grovl101,Grove,Lefty,L,L,ASG,P
heilh101,Heilmann,Harry,R,R,ASG,OF
kresr101,Kress,Red,R,R,ASG,SS
millb110,Miller,Bing,R,R,ASG,OF
odoul101,O`Doul,Lefty,L,L,ASG,OF
schaa101,Schacht,Al,R,R,ASG,3B
schaw101,Schang,Wally,B,R,ASG,C
shira101,Shires,Art,L,R,ASG,1B
sweeb101,Sweeney,Bill,R,R,ASG,3B
