barob101,Baro,Bernardo,L,L,CUE,OF
cardf101,Cardenas,Francisco,R,R,CUE,C
chacp101,Chacon,Pelayo,R,R,CUE,SS
cresr101,Crespo,Rogelio,R,R,CUE,2B
dihim101,Dihigo,Martin,R,R,CUE,OF
fabri101,Fabre,Isidro,R,R,CUE,P
fernj101,Fernandez,Jose Maria,R,R,CUE,C
levio101,Levis,Oscar,L,R,CUE,P
mesap101,Mesa,Pablo,L,L,CUE,
miraj101,Mirabal,Juanelo,R,R,CUE,
oms-a101,Oms,Alejandro,L,L,CUE,OF
pedre101,Pedroso,Eustaquio,R,R,CUE,P
portb103,Portuondo,Bartolo,R,R,CUE,3B
san-p101,San,Pedro,R,R,CUE,P
