barrr101,Barrett,Red,R,R,MLS,P
burnu101,Burns,,?,?,MLS,P
camec101,Cameron,Clint,L,R,MLS,C
coscp101,Coscarart,Pete,R,R,MLS,SS
dahlb101,Dahlgren,Babe,R,R,MLS,1B
dimav101,Dimaggio,Vince,R,R,MLS,OF
ellib103,Elliott,Bob,R,R,MLS,3B
greku101,Greke,,?,?,MLS,C
johnd101,Johnson,Don,R,R,MLS,2B
lowrp101,Lowrey,Peanuts,R,R,MLS,OF
metkg101,Metkovich,George,L,L,MLS,OF
paepj101,Paepke,Jack,R,R,MLS,P
partr101,Partee,Roy,R,R,MLS,C
