adame101,Adams,Emery,R,R,NAS,P
barbb102,Barbee,Bud,R,R,NAS,P
biotc101,Biot,Charlie,R,R,NAS,OF
browj112,Brown,Jesse,L,L,NAS,P
buttt102,Butts,Tommy,R,R,NAS,SS
currg102,Curry,Goose,L,R,NAS,OF
hughs101,Hughes,Sammy,R,R,NAS,2B
kimbh102,Kimbro,Henry,L,R,NAS,OF
mackb102,Mackey,Biz,B,R,NAS,C
moorr104,Moore,Red,L,L,NAS,1B
moren101,Moreland,Nate,R,L,NAS,P
snowf101,Snow,Felton,R,R,NAS,P
speah101,Spearman,Henry,R,R,NAS,3B
