arteu101,Artez,,?,?,PH5,OF
austf101,Austin,Frank,R,R,PH5,SS
bensg101,Benson,Gene,L,L,PH5,OF
browb107,Brown,Barney,L,L,PH5,OF
cashb101,Cash,Bill,R,R,PH5,C
cox-a101,Cox,Alphonso,?,L,PH5,P
craij101,Craig,Joe,R,R,PH5,OF
currg102,Curry,Goose,L,R,PH5,OF
davib110,Davis,Bill,?,?,PH5,P
duckm101,Duckett,Mahlon,R,R,PH5,2B
fernb101,Fernandez,Bernard,R,R,PH5,P
fillj101,Fillmore,Joe,R,R,PH5,P
glenh103,Glenn,Hubert,L,R,PH5,PH
glens101,Glenn,Stanley,R,R,PH5,C
harrw101,Harris,Wilmer,R,R,PH5,P
jeffe101,Jefferson,Eddie,?,?,PH5,P
johnb115,Johnson,Bill,R,R,PH5,OF
jonee103,Jones,Eugene,L,L,PH5,OF
kimbl101,Kimbrough,Larry,B,B,PH5,P
mcclj105,McClain,Jeep,B,R,PH5,3B
millh104,Miller,Henry,R,R,PH5,P
palmc101,Palm,Clarence,R,R,PH5,C
partr102,Partlow,Roy,L,L,PH5,P
poolc101,Poole,Claude,?,?,PH5,P
rickb102,Ricks,Bill,R,R,PH5,P
smitr109,Smith,Raymond,?,?,PH5,P
snowm101,Snowden,Moses,?,?,PH5,3B
speah101,Spearman,Henry,R,R,PH5,3B
stone101,Stone,Ed,L,R,PH5,OF
sunkp101,Sunkett,Pete,R,R,PH5,P
walkt105,Walker,Tony,?,?,PH5,P
westj102,West,Jim,B,R,PH5,1B
willm107,Williams,Marvin,R,R,PH5,2B
woodt101,Woods,Tommy,R,R,PH5,3B
