barfc101,Barfoot,Clyde,R,R,WHK,P
brazf101,Brazill,Frank,L,R,WHK,3B
dursc101,Durst,Cedric,L,L,WHK,OF
golvw101,Golvin,Walt,L,L,WHK,1B
griga101,Griggs,Art,R,R,WHK,1B
hoodw101,Hood,Wally,R,R,WHK,OF
jenkj102,Jenkins,Joe,R,R,WHK,C
kingw101,Kingdon,Wes,R,R,WHK,PR
lindh101,Lindimore,Howard,L,R,WHK,SS
mcaui101,McAuley,Ike,B,R,WHK,SS
payng102,Payne,George,R,R,WHK,P
rootc101,Root,Charlie,R,R,WHK,P
sanbg101,Sandberg,Gus,R,R,WHK,C
scotp101,Scott,Pete,R,R,WHK,2B
twomb101,Twombly,Babe,L,R,WHK,OF
